state,Difference
Alabama,-65.5982905982906
Alaska,-59.815242494226325
Arizona,-61.81818181818181
Arkansas,-61.41552511415526
California,-60.32401695188027
Colorado,-61.04508196721311
Connecticut,-58.88568683957733
Delaware,-73.63636363636364
Florida,-61.61635102193887
Georgia,-60.20976728941331
Hawaii,-63.83647798742139
Idaho,-61.777777777777786
Illinois,-60.86084260441365
Indiana,-64.61636017755232
Iowa,-61.992619926199254
Kansas,-62.900188323917135
Kentucky,-57.79859484777517
Louisiana,-67.52136752136752
Maine,-62.95369211514392
Maryland,-62.35083532219571
Massachusetts,-63.090737240075626
Michigan,-61.48336414048059
Minnesota,-62.02772492525142
Mississippi,-63.40640809443508
Missouri,-63.066734589913395
Montana,-58.90804597701149
Nebraska,-60.31073446327683
Nevada,-55.21155830753354
New Hampshire,-64.91646778042958
New Jersey,-60.626486915146714
New Mexico,-64.48362720403021
New York,-62.215724496426255
North Carolina,-60.04705882352941
North Dakota,-65.34653465346535
Ohio,-61.74851354327241
Oklahoma,-62.6865671641791
Oregon,-62.87275210562258
Pennsylvania,-59.899569583931125
Rhode Island,-60.79734219269104
South Carolina,-61.384152457372124
South Dakota,-63.46153846153847
Tennessee,-61.715246636771305
Texas,-61.61730136342267
Utah,-63.00578034682081
Vermont,-69.08713692946058
Virginia,-63.07519640852974
Washington,-61.631767109295204
West Virginia,-55.0
Wisconsin,-62.55731023942944
Wyoming,-59.12408759124089
