state,Difference
Alabama,-59.68950749464669
Alaska,-57.23793677204658
Arizona,-57.01149425287357
Arkansas,-62.798634812286686
California,-57.082708685528374
Colorado,-57.880829700092484
Connecticut,-57.29040097205346
Delaware,-64.44444444444444
Florida,-56.852184320766014
Georgia,-59.30669021859129
Hawaii,-57.57575757575758
Idaho,-60.80808080808081
Illinois,-58.54957661841027
Indiana,-59.38049982400563
Iowa,-59.24276169265033
Kansas,-58.87421022400919
Kentucky,-57.40628778718258
Louisiana,-59.84674329501915
Maine,-56.54496883348173
Maryland,-58.85234429671099
Massachusetts,-57.25758477096966
Michigan,-57.234611953612855
Minnesota,-58.04247460757157
Mississippi,-57.73195876288659
Missouri,-59.691563350468705
Montana,-54.75234270414993
Nebraska,-54.96742671009772
Nevada,-57.54884547069272
New Hampshire,-60.83815028901734
New Jersey,-58.95491520750034
New Mexico,-61.604095563139936
New York,-58.07971725898291
North Carolina,-56.7720465890183
North Dakota,-59.010600706713774
Ohio,-57.742663656884886
Oklahoma,-60.0
Oregon,-56.98657384385878
Pennsylvania,-57.878536758612526
Rhode Island,-55.94125500667557
South Carolina,-58.82697947214076
South Dakota,-60.3921568627451
Tennessee,-56.791443850267385
Texas,-56.5588955955298
Utah,-58.356417359187446
Vermont,-59.20529801324503
Virginia,-60.099999999999994
Washington,-57.13648528099912
West Virginia,-53.88601036269431
Wisconsin,-57.04656862745098
Wyoming,-48.56230031948881
